<?xml version="1.0" encoding="UTF-8"?>
<project-private xmlns="http://www.netbeans.org/ns/project-private/1">
    <editor-bookmarks xmlns="http://www.netbeans.org/ns/editor-bookmarks/2" lastBookmarkId="0"/>
    <open-files xmlns="http://www.netbeans.org/ns/projectui-open-files/2">
        <group name="All">
            <file>file:/C:/Users/Etienne/Documents/NetBeansProjects/JSF32W3/src/read/JSF32KochFractalFX.java</file>
            <file>file:/C:/Users/Etienne/Documents/NetBeansProjects/JSF32W3/src/write/Writer.java</file>
            <file>file:/C:/Users/Etienne/Documents/NetBeansProjects/JSF32W3/src/read/KochManager.java</file>
        </group>
    </open-files>
</project-private>
